{
  "baseline": "perf_bench",
  "version": 1,
  "thresholds": {
    "warning": {
      "relative": 0.15,
      "absolute_ms": 25.0,
      "throughput_relative": 0.15,
      "throughput_absolute": 50.0
    },
    "severe": {
      "relative": 0.3,
      "absolute_ms": 50.0,
      "throughput_relative": 0.3,
      "throughput_absolute": 100.0
    }
  },
  "runs": [
    {
      "tier": "small",
      "mode": "cold",
      "steps": {
        "multi.bm25": {
          "p50_ms": 229.81375,
          "p90_ms": 375.2886828,
          "p99_ms": 408.02054268,
          "samples": 3
        },
        "multi.ingest": {
          "p50_ms": 1.517541,
          "p90_ms": 5.235341799999999,
          "p99_ms": 6.071846979999998,
          "samples": 3,
          "throughput_eps": {
            "p50_eps": 39537.64675880256,
            "p90_eps": 41006.20685272761,
            "p99_eps": 41336.63287386075
          }
        },
        "multi.route_query": {
          "p50_ms": 1.911292,
          "p90_ms": 1.9310912,
          "p99_ms": 1.93554602,
          "samples": 3
        },
        "multi.toc": {
          "p50_ms": 18328.542416,
          "p90_ms": 20041.1813504,
          "p99_ms": 20426.52511064,
          "samples": 3
        },
        "multi.topics": {
          "p50_ms": 1.191292,
          "p90_ms": 1.2617584,
          "p99_ms": 1.2776133399999998,
          "samples": 3
        },
        "multi.vector": {
          "p50_ms": 8424.686833,
          "p90_ms": 8431.5857994,
          "p99_ms": 8433.138066840002,
          "samples": 3
        },
        "single.bm25": {
          "p50_ms": 254.52512500000003,
          "p90_ms": 301.8776578,
          "p99_ms": 312.53197768,
          "samples": 3
        },
        "single.ingest": {
          "p50_ms": 1.559416,
          "p90_ms": 2.9761168,
          "p99_ms": 3.29487448,
          "samples": 3,
          "throughput_eps": {
            "p50_eps": 38475.94227582633,
            "p90_eps": 38602.272745223105,
            "p99_eps": 38630.69710083738
          }
        },
        "single.route_query": {
          "p50_ms": 1.648916,
          "p90_ms": 3.2962168,
          "p99_ms": 3.66685948,
          "samples": 3
        },
        "single.toc": {
          "p50_ms": 21604.570958,
          "p90_ms": 21744.6058588,
          "p99_ms": 21776.113711480004,
          "samples": 3
        },
        "single.topics": {
          "p50_ms": 1.20725,
          "p90_ms": 1.7236172,
          "p99_ms": 1.83979982,
          "samples": 3
        },
        "single.vector": {
          "p50_ms": 10032.915041,
          "p90_ms": 14402.4466418,
          "p99_ms": 15385.59125198,
          "samples": 3
        }
      }
    },
    {
      "tier": "small",
      "mode": "warm",
      "steps": {
        "multi.bm25": {
          "p50_ms": 279.713958,
          "p90_ms": 282.8551588,
          "p99_ms": 283.56192898,
          "samples": 3
        },
        "multi.ingest": {
          "p50_ms": 1.578791,
          "p90_ms": 1.6098918,
          "p99_ms": 1.61688948,
          "samples": 3,
          "throughput_eps": {
            "p50_eps": 38003.76363939242,
            "p90_eps": 39630.98927117536,
            "p99_eps": 39997.11503832651
          }
        },
        "multi.route_query": {
          "p50_ms": 2.81425,
          "p90_ms": 3.4413828,
          "p99_ms": 3.58248768,
          "samples": 3
        },
        "multi.toc": {
          "p50_ms": 20533.095292,
          "p90_ms": 20659.450192,
          "p99_ms": 20687.8800445,
          "samples": 3
        },
        "multi.topics": {
          "p50_ms": 2.4965,
          "p90_ms": 3.4491,
          "p99_ms": 3.663435,
          "samples": 3
        },
        "multi.vector": {
          "p50_ms": 10540.153208,
          "p90_ms": 10735.0255744,
          "p99_ms": 10778.87185684,
          "samples": 3
        },
        "single.bm25": {
          "p50_ms": 241.312125,
          "p90_ms": 697.875225,
          "p99_ms": 800.6019225,
          "samples": 3
        },
        "single.ingest": {
          "p50_ms": 2.003542,
          "p90_ms": 2.620542,
          "p99_ms": 2.7593669999999997,
          "samples": 3,
          "throughput_eps": {
            "p50_eps": 29946.963926885484,
            "p90_eps": 33094.63736785751,
            "p99_eps": 33802.86389207622
          }
        },
        "single.route_query": {
          "p50_ms": 2.4133750000000003,
          "p90_ms": 3.1815078,
          "p99_ms": 3.35433768,
          "samples": 3
        },
        "single.toc": {
          "p50_ms": 18224.560958,
          "p90_ms": 20394.0028916,
          "p99_ms": 20882.12732666,
          "samples": 3
        },
        "single.topics": {
          "p50_ms": 1.863042,
          "p90_ms": 3.3124412000000003,
          "p99_ms": 3.63855602,
          "samples": 3
        },
        "single.vector": {
          "p50_ms": 7997.990707999999,
          "p90_ms": 12733.9891744,
          "p99_ms": 13799.588829339998,
          "samples": 3
        }
      }
    },
    {
      "tier": "medium",
      "mode": "cold",
      "steps": {
        "multi.bm25": {
          "p50_ms": 249.808,
          "p90_ms": 250.4915,
          "p99_ms": 250.6452875,
          "samples": 3
        },
        "multi.ingest": {
          "p50_ms": 5.582208,
          "p90_ms": 6.0187744,
          "p99_ms": 6.11700184,
          "samples": 3,
          "throughput_eps": {
            "p50_eps": 42993.74011143977,
            "p90_eps": 43596.3957064371,
            "p99_eps": 43731.9932153115
          }
        },
        "multi.route_query": {
          "p50_ms": 1.477083,
          "p90_ms": 1.569083,
          "p99_ms": 1.589783,
          "samples": 3
        },
        "multi.toc": {
          "p50_ms": 65501.659458999995,
          "p90_ms": 65599.62595819999,
          "p99_ms": 65621.66842052,
          "samples": 3
        },
        "multi.topics": {
          "p50_ms": 1.2074589999999998,
          "p90_ms": 1.2279582,
          "p99_ms": 1.23257052,
          "samples": 3
        },
        "multi.vector": {
          "p50_ms": 7343.199917,
          "p90_ms": 7377.6568834,
          "p99_ms": 7385.40970084,
          "samples": 3
        },
        "single.bm25": {
          "p50_ms": 294.75404199999997,
          "p90_ms": 719.8605084000001,
          "p99_ms": 815.5094633400001,
          "samples": 3
        },
        "single.ingest": {
          "p50_ms": 5.2572920000000005,
          "p90_ms": 5.8838248,
          "p99_ms": 6.02479468,
          "samples": 3,
          "throughput_eps": {
            "p50_eps": 45650.878817459634,
            "p90_eps": 45830.34854102408,
            "p99_eps": 45870.72922882609
          }
        },
        "single.route_query": {
          "p50_ms": 1.753333,
          "p90_ms": 2.0431002,
          "p99_ms": 2.10829782,
          "samples": 3
        },
        "single.toc": {
          "p50_ms": 65488.946833,
          "p90_ms": 67760.640733,
          "p99_ms": 68271.7718605,
          "samples": 3
        },
        "single.topics": {
          "p50_ms": 1.237208,
          "p90_ms": 1.5638744,
          "p99_ms": 1.63737434,
          "samples": 3
        },
        "single.vector": {
          "p50_ms": 7868.573625,
          "p90_ms": 8154.9677586,
          "p99_ms": 8219.40643866,
          "samples": 3
        }
      }
    },
    {
      "tier": "medium",
      "mode": "warm",
      "steps": {
        "multi.bm25": {
          "p50_ms": 247.449792,
          "p90_ms": 272.2425584,
          "p99_ms": 277.82093084,
          "samples": 3
        },
        "multi.ingest": {
          "p50_ms": 5.928333,
          "p90_ms": 6.059933,
          "p99_ms": 6.089543,
          "samples": 3,
          "throughput_eps": {
            "p50_eps": 40483.555832643004,
            "p90_eps": 42793.15075162424,
            "p99_eps": 43312.809608395015
          }
        },