{
  "tier": "medium",
  "mode": "warm",
  "iterations": 3,
  "generated_at": "2026-02-12T22:54:26.421854+00:00",
  "steps": {
    "multi.bm25": {
      "p50_ms": 247.449792,
      "p90_ms": 272.2425584,
      "p99_ms": 277.82093084,
      "samples": 3
    },
    "multi.ingest": {
      "p50_ms": 5.928333,
      "p90_ms": 6.059933,
      "p99_ms": 6.089543,
      "samples": 3,
      "throughput_eps": {
        "p50_eps": 40483.555832643004,
        "p90_eps": 42793.15075162424,
        "p99_eps": 43312.809608395015
      }
    },
    "multi.route_query": {
      "p50_ms": 2.649959,
      "p90_ms": 3.5665246,
      "p99_ms": 3.7727518600000005,
      "samples": 3
    },
    "multi.toc": {
      "p50_ms": 64732.548124999994,
      "p90_ms": 67491.81369139999,
      "p99_ms": 68112.64844384,
      "samples": 3
    },
    "multi.topics": {
      "p50_ms": 1.911084,
      "p90_ms": 2.5866504,
      "p99_ms": 2.7386528400000003,
      "samples": 3
    },
    "multi.vector": {
      "p50_ms": 7371.707375,
      "p90_ms": 7406.2679078,
      "p99_ms": 7414.044027680001,
      "samples": 3
    },
    "single.bm25": {
      "p50_ms": 244.622458,
      "p90_ms": 248.543858,
      "p99_ms": 249.42617299999998,
      "samples": 3
    },
    "single.ingest": {
      "p50_ms": 5.789834,
      "p90_ms": 5.8585004,
      "p99_ms": 5.87395034,
      "samples": 3,
      "throughput_eps": {
        "p50_eps": 41451.96563493876,
        "p90_eps": 41738.658416329185,
        "p99_eps": 41803.16429214203
      }
    },
    "single.route_query": {
      "p50_ms": 2.3347089999999997,
      "p90_ms": 3.0054418000000003,
      "p99_ms": 3.15635668,
      "samples": 3
    },
    "single.toc": {
      "p50_ms": 64576.70849999999,
      "p90_ms": 65290.7832,
      "p99_ms": 65451.450007499996,
      "samples": 3
    },
    "single.topics": {
      "p50_ms": 1.894125,
      "p90_ms": 2.5051586000000006,
      "p99_ms": 2.64264116,
      "samples": 3
    },
    "single.vector": {
      "p50_ms": 7171.025874999999,
      "p90_ms": 7752.5308749999995,
      "p99_ms": 7883.3695,
      "samples": 3
    }
  },
  "comparison": {
    "warnings": [],
    "severe": []
  }
}